statistic,value
mean,0.019204099027777016
var,5.587195900730345
std,2.3637250053105467
median,0.08836334999999451
Q1,-1.2341783000000142
Q3,1.240361650000004
IQR,2.4745399500000183
CV,123.0843999445967
