Параметър,OLS (МНМК),Projected Gradient,Разлика
beta0,97.88643903333335,97.88643903333333,1.4210854715202004e-14
beta1,3.4249458093523124,3.4249142711448672,3.1538207445169775e-05
beta2,5.156649446915177,5.156618165854193,3.1281060983268105e-05
