bin,freq,midpoint
"(82.621, 88.058]",11,85.3395
"(88.058, 93.494]",14,90.77600000000001
"(93.494, 98.93]",27,96.212
"(98.93, 104.366]",26,101.648
"(104.366, 109.802]",23,107.084
"(109.802, 115.238]",14,112.52000000000001
"(115.238, 120.673]",4,117.9555
"(120.673, 126.109]",1,123.39099999999999
