Модел,Набор,MAE,RMSE,Bias
M1,train,4.064819872236417,4.90938742000092,1.3263464400855204e-14
M1,test,3.513453710505512,4.967698218685808,-0.254083800247372
M2,train,3.9276758536533163,4.715973959272033,9.473903143468002e-15
M2,test,4.903378160395786,6.413669890626917,-0.23979207980571762
