t,x_norm,z_factor
121,1.008333,15.849962
122,1.016667,16.771396
123,1.025000,17.751812
124,1.033333,18.749476
125,1.041667,19.721906
126,1.050000,20.627719
